--KHOI TAO DATABASE
GO
CREATE DATABASE QuanLyCuaHangNoiThat;

--DIEU HUONG DEN DATABASE QUANLYCUAHANGNOITHAT
GO
USE QuanLyCuaHangNoiThat;

--TAO BANG
GO
CREATE TABLE KHACHHANG (
	MAKH	VARCHAR(10)  PRIMARY KEY NOT NULL,
	TENKH	NVARCHAR(MAX),
	SDT		VARCHAR(10),
	DIACHI	NVARCHAR(MAX),
	CMND	VARCHAR(12),
	TRANGTHAI	BIT DEFAULT 0 NOT NULL
);

GO
CREATE TABLE CONGNO (
	MACONGNO		VARCHAR(10) PRIMARY KEY NOT NULL,
	MAKH			VARCHAR(10) NOT NULL,
	NV_LAPCN	VARCHAR(50) NOT NULL,
	NGAYLAP		DATETIME,
	TONGTIEN		MONEY,
	TIENCONNO		MONEY,
	NGAYTRA			DATETIME, -- hạn trả --
	TRANGTHAI	BIT DEFAULT 0 NOT NULL
);

GO
CREATE TABLE LICHSUTRANO (
	ID	int IDENTITY(1,1)  PRIMARY KEY NOT NULL,
	MACONGNO		VARCHAR(10) NOT NULL,
	NGAYTRA_THEODOI	DATETIME NOT NULL,
	TIENTRA_THEODOI	MONEY,
	TRANGTHAI		BIT DEFAULT 0 NOT NULL,
);

GO
CREATE TABLE NHANVIEN (
	MANV		VARCHAR(50) PRIMARY KEY NOT NULL,
	MATKHAU		VARCHAR(50),
	TENNV		NVARCHAR(MAX),
	SDT			VARCHAR(10),
	CMND		VARCHAR(12),
	EMAIL		VARCHAR(MAX),
	DIACHI		NVARCHAR(MAX),
	LUONGCB		INT,
	CHUCVU		VARCHAR(3),--(ADMIN)
	ANHDAIDIEN	NVARCHAR(MAX),
	TRANGTHAI	BIT DEFAULT 0 NOT NULL
);

GO
CREATE TABLE HOADONBANHANG (
	MAHD		VARCHAR(10) PRIMARY KEY NOT NULL,
	MAKH		VARCHAR(10) NOT NULL,
	NV_LAP_HD	VARCHAR(50) NOT NULL,
	NGAYLAP		DATETIME,
	TONGTIEN	INT,
	NGAYGIAO	DATETIME,
	TRANGTHAI	BIT DEFAULT 0 NOT NULL
);

GO
CREATE TABLE CTHOADONBANHANG (
	MAHD	VARCHAR(10) NOT NULL,
	MASP	VARCHAR(10) NOT NULL,
	SOLUONG INT,
	DONGIA	INT,
	TRANGTHAI	BIT DEFAULT 0 NOT NULL,
	CONSTRAINT PK_CTHOADONBANHANG PRIMARY KEY (MAHD, MASP),
);

GO
CREATE TABLE SANPHAM (
	MASP		VARCHAR(10) PRIMARY KEY NOT NULL,
	TENSP		NVARCHAR(MAX),
	GIABAN		INT,
	SL_TON		INT,
	MANPP		VARCHAR(10),
	MALOAI		VARCHAR(10) NOT NULL,
	TRANGTHAI	BIT DEFAULT 0 NOT NULL
);

GO
CREATE TABLE ANHMINHHOASP (
	MAANH			VARCHAR(50) PRIMARY KEY NOT NULL,
	TENANHMINHHOA	VARCHAR(MAX),
	MASP			VARCHAR(10) NOT NULL,
	TRANGTHAI	BIT DEFAULT 0 NOT NULL
);

GO
CREATE TABLE NHAPHANPHOI (
	MANPP	VARCHAR(10) PRIMARY KEY NOT NULL,
	TENNPP	NVARCHAR(MAX),
	SDT		VARCHAR(10),
	EMAIL	VARCHAR(MAX),
	DIACHI	NVARCHAR(MAX),
	WEBSITE	NVARCHAR(MAX),
	TRANGTHAI	BIT DEFAULT 0 NOT NULL
);

GO
CREATE TABLE CHITIETNHAPHANG (
	MASP			VARCHAR(10) NOT NULL,
	MANPP			VARCHAR(10) NOT NULL,
	DONGIA			INT,
	SL_NHAPHANG		INT,
	TONGGIATRI		INT,
	NGAYNHAPHANG	DATETIME,
	TRANGTHAI	BIT DEFAULT 0 NOT NULL,
	CONSTRAINT PK_CHITIETNHAPHANG PRIMARY KEY (MASP, MANPP)
);

GO
CREATE TABLE HOADONNHAPHANG (
	MAHDNH			VARCHAR(10) PRIMARY KEY NOT NULL,
	NGAY_NHAPHANG	DATETIME,
	NV_NHANHANG		VARCHAR(50) NOT NULL,
	TRANGTHAI		BIT DEFAULT 0 NOT NULL
);

GO
CREATE TABLE CTNHAPHANGTUNPP (
	MAHDNH			VARCHAR(10) NOT NULL,
	MANPP			VARCHAR(10) NOT NULL,
	TONGGIATRI		MONEY,
	TRANGTHAI	BIT DEFAULT 0 NOT NULL,
	CONSTRAINT PK_CTNHAPHANGTUNPP PRIMARY KEY (MAHDNH, MANPP)
);

GO
CREATE TABLE LOAISANPHAM (
	MALOAI	VARCHAR(10) PRIMARY KEY NOT NULL,
	TENLOAI	NVARCHAR(MAX),
	TRANGTHAI	BIT DEFAULT 0 NOT NULL
);

GO
CREATE TABLE LICHSUHETHONG (
	ID		INT NOT NULL IDENTITY(1,1) PRIMARY KEY,
	GHICHU	NVARCHAR(MAX)
);

GO
CREATE TABLE QUYENHAN (
	MACHUCVU		VARCHAR(3) PRIMARY KEY NOT NULL,
	TENCHUCVU		NVARCHAR(MAX),
	CHUCNANG_SUDUNG	NVARCHAR(MAX)
);

GO
CREATE TABLE DOIDONVITUONG (
	ID	int IDENTITY(1,1)  PRIMARY KEY NOT NULL,
	TENGACHTUONG		NVARCHAR(MAX) NOT NULL,
	SOMETTOI			VARCHAR(10),
	TRANGTHAI		BIT DEFAULT 0 NOT NULL
);

GO
CREATE TABLE DOIDONVINEN (
	ID	int IDENTITY(1,1)  PRIMARY KEY NOT NULL,
	TENGACH		NVARCHAR(MAX) NOT NULL,
	SOMETNEN			VARCHAR(10),
	TRANGTHAI		BIT DEFAULT 0 NOT NULL
);
-------- THIET LAP KHOA NGOAI --------
--ALTER TABLE CONGNO
--ADD FOREIGN KEY (MAKH) REFERENCES KHACHHANG(MAKH)
GO
ALTER TABLE LICHSUTRANO
ADD FOREIGN KEY (MACONGNO) REFERENCES CONGNO(MACONGNO)

GO
ALTER TABLE CONGNO
ADD FOREIGN KEY (MAKH) REFERENCES KHACHHANG(MAKH)

GO
ALTER TABLE CONGNO
ADD FOREIGN KEY (NV_LAPCN) REFERENCES NHANVIEN(MANV)

GO
ALTER TABLE HOADONBANHANG
ADD FOREIGN KEY (MAKH) REFERENCES KHACHHANG(MAKH)

GO
ALTER TABLE HOADONBANHANG
ADD FOREIGN KEY (NV_LAP_HD) REFERENCES NHANVIEN(MANV)

GO
ALTER TABLE HOADONNHAPHANG
ADD FOREIGN KEY (NV_NHANHANG) REFERENCES NHANVIEN(MANV)

GO
ALTER TABLE CTNHAPHANGTUNPP
ADD FOREIGN KEY (MAHDNH) REFERENCES HOADONNHAPHANG(MAHDNH)

GO
ALTER TABLE CTNHAPHANGTUNPP
ADD FOREIGN KEY (MANPP) REFERENCES NHAPHANPHOI(MANPP)

GO
ALTER TABLE CTHOADONBANHANG
ADD FOREIGN KEY (MAHD) REFERENCES HOADONBANHANG(MAHD)

GO
ALTER TABLE CTHOADONBANHANG
ADD FOREIGN KEY (MASP) REFERENCES SANPHAM(MASP)

GO
ALTER TABLE CHITIETNHAPHANG
ADD FOREIGN KEY (MANPP) REFERENCES NHAPHANPHOI(MANPP)

GO
ALTER TABLE CHITIETNHAPHANG
ADD FOREIGN KEY (MASP) REFERENCES SANPHAM(MASP)

GO
ALTER TABLE NHANVIEN
ADD FOREIGN KEY (CHUCVU) REFERENCES QUYENHAN(MACHUCVU)

GO
ALTER TABLE SANPHAM
ADD FOREIGN KEY (MALOAI) REFERENCES LOAISANPHAM(MALOAI)

GO
ALTER TABLE SANPHAM
ADD FOREIGN KEY (MANPP) REFERENCES NHAPHANPHOI(MANPP)

GO
ALTER TABLE ANHMINHHOASP
ADD FOREIGN KEY (MASP) REFERENCES SANPHAM(MASP)

---- NHAP DU LIEU MAU ----
-- BANG KHACH HANG --
INSERT INTO KHACHHANG VALUES ('KH1', N'Trần Triển Chí', '0123456789', N'Quận Bình Tân, Thành phố Hồ Chí Minh','301244877',1)
INSERT INTO KHACHHANG VALUES ('KH2', N'Trần Minh Nhựt','0123456789',N'Quận 1, Thành phố Hồ Chí Minh','301244877',1)
INSERT INTO KHACHHANG VALUES ('KH3', N'Nguyễn Văn A','0123456789',N'Quận Bình Tân, Thành phố Hồ Chí Minh','301244877',1)
INSERT INTO KHACHHANG VALUES ('KH4', N'Trần Thị B','0123456789',N'Quận Bình Tân, Thành phố Hồ Chí Minh','301244877',1)
INSERT INTO KHACHHANG VALUES ('KH5', N'Nguyễn Văn C','0123456789',N'Quận Bình Tân, Thành phố Hồ Chí Minh','301244877',1)
--BANG QUYEN HAN --
INSERT INTO QUYENHAN VALUES ('QL', N'Quản lý', N'Lập tài khoản nhân viên, quản lý đơn hàng từ nhà phân phối,quản lý sản phẩm,...')
INSERT INTO QUYENHAN VALUES ('NV', N'Nhân viên', N'Quản lý khách hàng,lập hóa đơn,...')
-- BANG NHAN VIEN --
--INSERT INTO NHANVIEN VALUES ('NV1', 'NV_TRIENCHI', N'Trần Triển Chí', '0123456789', '0123456789', 'TRANTRIENCHI@GMAIL.COM', N'Quận Bình Tân, Thành phố Hồ Chí Minh', 5000000, 'NV', 'trienchi.png', 1)
INSERT INTO NHANVIEN VALUES ('QL_MINHNHUT', 'QL_MINHNHUT', N'Trần Minh Nhựt', '0123456789', '0123456789', 'TRANMINHNHUT@GMAIL.COM', N'Quận Bình Tân, Thành phố Hồ Chí Minh', 5000000, 'QL', 'img_default.jpg', 1)
-- BANG LOAI SAN PHAM --
INSERT INTO LOAISANPHAM VALUES ('GM1', N'Gạch men',1)
INSERT INTO LOAISANPHAM VALUES ('GM2', N'Gạch bóng kiếng',1)
INSERT INTO LOAISANPHAM VALUES ('GM3', N'Chậu rửa mặt',1)
-- BANG NHA PHAN PHOI --
INSERT INTO NHAPHANPHOI VALUES ('NPP1', N'Trang Hoàng Phương', '0123456789','tranghoangphuong@gmail.com', N'Long An', 'ABC.COM',1)
INSERT INTO NHAPHANPHOI VALUES ('NPP2', N'Hoa Phát Đạt', '0123456789','hoaphatdat@gmail.com', N'TP HCM','abc.com',1)
INSERT INTO NHAPHANPHOI VALUES ('NPP3', N'Hòa Bình Minh', '0123456789','tranghoangphuong@gmail.com', N'Đồng Nai', 'ABC.COM',1)
-- BANG SAN PHAM --
INSERT INTO SANPHAM VALUES ('SP1', N'Gạch men', 120000, 1000, 'NPP1', 'GM1',1)
INSERT INTO SANPHAM VALUES ('SP2', N'Gạch men Ấn Độ', 150000, 1000, 'NPP2', 'GM1',1)
INSERT INTO SANPHAM VALUES ('SP3', N'Gạch bóng kiếng', 175000, 1000, 'NPP1', 'GM2',1)
INSERT INTO SANPHAM VALUES ('SP4', N'Gạch bóng kiếng Ấn Độ', 190000, 1000, 'NPP2', 'GM2',1)
---- BANG ANH MINH HOA SAN PHAM --
--INSERT INTO ANHMINHHOASP VALUES ('SP1_ANHGACH1', 'ANHGACH1.jpg', 'SP1',1)
--INSERT INTO ANHMINHHOASP VALUES ('SP1_ANHGACH2', 'ANHGACH2.jpg', 'SP1',1)
--INSERT INTO ANHMINHHOASP VALUES ('SP2_ANHGACH3', 'ANHGACH3.jpg', 'SP2',1)
--INSERT INTO ANHMINHHOASP VALUES ('SP2_ANHGACH4', 'ANHGACH4.jpg', 'SP2',1)
--INSERT INTO ANHMINHHOASP VALUES ('SP3_ANHGACH5', 'ANHGACH5.jpg', 'SP3',1)
--INSERT INTO ANHMINHHOASP VALUES ('SP4_ANHGACH6', 'ANHGACH6.jpg', 'SP4',1)
---- BANG CHI TIET NHAP HANG --
--INSERT INTO CHITIETNHAPHANG VALUES ('SP1', 'NPP1',120000 ,100, 10000000 ,'05/25/2020',1)
--INSERT INTO CHITIETNHAPHANG VALUES ('SP2', 'NPP2',150000, 1000, 100000000 ,'05/25/2020',1)
--INSERT INTO CHITIETNHAPHANG VALUES ('SP3', 'NPP1', 175000,1000, 100000000 ,'05/25/2020',1)
---- BANG HOA DON --
--INSERT INTO HOADONBANHANG VALUES ('HD1','KH1','NV_TRIENCHI','05/25/2020',1350000,'05/29/2020',1)
--INSERT INTO HOADONBANHANG VALUES ('HD2','KH2','NV_MINHNHUT','05/25/2020',1350000,'05/30/2020',1)
--INSERT INTO HOADONBANHANG VALUES ('HD3','KH2','NV_MINHNHUT','05/25/2020',1350000,'05/30/2020',1)
---- BANG CHI TIET HOA DON --
--INSERT INTO CTHOADONBANHANG VALUES ('HD1', 'SP1', 10, 120000,1)
--INSERT INTO CTHOADONBANHANG VALUES ('HD2', 'SP2', 10, 150000,1)
---- BANG CONG NO --
--INSERT INTO CONGNO VALUES ('CN1','KH1', 10000000 ,0,'05/29/2020',1)
--INSERT INTO CONGNO VALUES ('CN2','KH2', 5000000 ,2000000,'05/29/2020',1)
---- BANG LICH SU TRA NO --
--INSERT INTO LICHSUTRANO VALUES ('CN1',  '05/20/2020', 2000000, 1)
--INSERT INTO LICHSUTRANO VALUES ('CN1',  '05/21/2020', 2000000, 1)
--INSERT INTO LICHSUTRANO VALUES ('CN1',  '05/22/2020', 2000000, 1)
--INSERT INTO LICHSUTRANO VALUES ('CN1',  '05/23/2020', 2000000, 1)
--INSERT INTO LICHSUTRANO VALUES ('CN1',  '05/24/2020', 2000000, 1)
--INSERT INTO LICHSUTRANO VALUES ('CN2',  '05/29/2020', 2000000, 1)

---- BANG DOI DON VI TUONG --
INSERT INTO DOIDONVITUONG VALUES ( N'Gạch 25x40 - 6 tấm/thùng', '1,2', 1)
INSERT INTO DOIDONVITUONG VALUES ( N'Gạch 30x45 - 6 tấm/thùng', '1,3', 1)
INSERT INTO DOIDONVITUONG VALUES ( N'Gạch 30x60 - 6 tấm/thùng', '1,4', 1)
INSERT INTO DOIDONVITUONG VALUES ( N'Gạch 40x80 - 6 tấm/thùng', '1,5', 1)


---- BANG DOI DON VI NEN --
INSERT INTO DOIDONVINEN VALUES (  N'Gạch 30x30 - 6 tấm/thùng', '0,9', 1)
INSERT INTO DOIDONVINEN VALUES (  N'Gạch 40x40 - 4 tấm/thùng', '1,6', 1)
INSERT INTO DOIDONVINEN VALUES (  N'Gạch 50x50 - 5 tấm/thùng', '1,25', 1)
INSERT INTO DOIDONVINEN VALUES (  N'Gạch 60x60 - 4 tấm/thùng', '1,2', 1)
INSERT INTO DOIDONVINEN VALUES (  N'Gạch 80x80 - 4 tấm/thùng', '1,6',1)
